code,chapter,title,jsonVerse,txtVerse,onlineVerse,verdict,note
GEN,11,"Descendentes de Sem,3291,""titulo igual no mesmo capitulo",10,1,,review,"título não encontrado na página ARA"
GEN,25,"Descendentes de Ismael,7682,""titulo igual no mesmo capitulo",12,1,,review,"título não encontrado na página ARA"
GEN,31,"Labão segue no encalço de Jacó,10237,""titulo igual no mesmo capitulo",22,24,,review,"título não encontrado na página ARA"
GEN,32,"Jacó reconcilia-se com Esaú,10645,""titulo igual no mesmo capitulo",4,3,,review,"título não encontrado na página ARA"
GEN,35,"Descendentes de Jacó,11875,""titulo igual no mesmo capitulo",23,1,,review,"título não encontrado na página ARA"
GEN,36,"Descendentes de Seir,12136,""titulo igual no mesmo capitulo",20,1,,review,"título não encontrado na página ARA"
GEN,36,"Reis e príncipes de Edom,12253,""titulo igual no mesmo capitulo",31,1,,review,"título não encontrado na página ARA"
GEN,50,"A morte de José,17569,""titulo igual no mesmo capitulo",22,23,,review,"título não encontrado na página ARA"
EXO,8,"Segunda praga: rãs,19730,""titulo igual no mesmo capitulo",26,1,,review,"título não encontrado na página ARA"
EXO,8,"Terceira praga: piolhos,19897,""titulo igual no mesmo capitulo",12,16,,review,"título não encontrado na página ARA"
EXO,8,"Quarta praga: moscas,19964,""titulo igual no mesmo capitulo",16,20,,review,"título não encontrado na página ARA"
EXO,22,"Leis acerca da propriedade,24578,""titulo igual no mesmo capitulo",37,1,,review,"título não encontrado na página ARA"
EXO,22,"Leis civis e religiosas,24789,""titulo igual no mesmo capitulo",15,16,,review,"título não encontrado na página ARA"
EXO,28,"As vestes sacerdotais,26767,""titulo igual no mesmo capitulo",3,2,,review,"título não encontrado na página ARA"
LEV,6,"O sacrifício pelos pecados voluntários,33603,""titulo igual no mesmo capitulo",20,1,,review,"título não encontrado na página ARA"
LEV,6,"A lei do holocausto,33679,""titulo igual no mesmo capitulo",1,8,,review,"título não encontrado na página ARA"
LEV,6,"A lei da oferta de manjares,33766,""titulo igual no mesmo capitulo",7,14,,review,"título não encontrado na página ARA"
LEV,6,"A oferta na consagração dos sacerdotes,33826,""titulo igual no mesmo capitulo",12,19,,review,"título não encontrado na página ARA"
LEV,6,"A lei da oferta pelo pecado,33882,""titulo igual no mesmo capitulo",17,24,,review,"título não encontrado na página ARA"
NUM,16,"Novo tumulto e seu castigo,50190,""titulo igual no mesmo capitulo",6,41,,review,"título não encontrado na página ARA"
NUM,17,"O bordão de Arão floresce,50323,""titulo igual no mesmo capitulo",16,1,,review,"título não encontrado na página ARA"
NUM,30,"Acerca de votos,55150,""titulo igual no mesmo capitulo",2,1,,review,"título não encontrado na página ARA"
DEU,13,"Contra os falsos profetas e os idólatras,62970,""titulo igual no mesmo capitulo",2,1,,review,"título não encontrado na página ARA"
DEU,23,"Pessoas excluídas das assembleias santas,66018,""titulo igual no mesmo capitulo",2,1,,review,"título não encontrado na página ARA"
DEU,23,"Limpeza do acampamento,66125,""titulo igual no mesmo capitulo",10,9,,review,"título não encontrado na página ARA"
DEU,23,"Acerca de fugitivos, prostitutas e usura"",66191,""titulo igual no mesmo capitulo",16,15,,review,"título não encontrado na página ARA"
DEU,23,"Acerca de votos,66247,""titulo igual no mesmo capitulo",22,21,,review,"título não encontrado na página ARA"
DEU,29,"Deus faz nova aliança com o povo,68351,""titulo igual no mesmo capitulo",69,1,,review,"título não encontrado na página ARA"
1SA,18,"O cântico das mulheres indigna a Saul,92960,""titulo igual no mesmo capitulo",6,7,,review,"título não encontrado na página ARA"
1SA,21,"Davi vai ter com o sacerdote Aimeleque,94113,""titulo igual no mesmo capitulo",2,1,,review,"título não encontrado na página ARA"
1SA,21,"Davi foge para Aquis, rei de Gate"",94239,""titulo igual no mesmo capitulo",11,10,,review,"título não encontrado na página ARA"
1SA,24,"Davi poupa a vida de Saul,95012,""titulo igual no mesmo capitulo",2,1,,review,"título não encontrado na página ARA"
1SA,31,"A sepultura de Saul,97462,""titulo igual no mesmo capitulo",8,1,,review,"título não encontrado na página ARA"
2SA,3,"A família de Davi em Hebrom,98320,""titulo igual no mesmo capitulo",2,1,,review,"título não encontrado na página ARA"
2SA,5,"Davi conquista Sião,99058,""titulo igual no mesmo capitulo",6,1,,review,"título não encontrado na página ARA"
2SA,5,"O reinado de Davi reconhecido por Hirão,99141,""titulo igual no mesmo capitulo",11,1,,review,"título não encontrado na página ARA"
2SA,5,"Os filhos de Davi que nasceram em Jerusalém,99173,""titulo igual no mesmo capitulo",13,1,,review,"título não encontrado na página ARA"
2SA,5,"Davi derrota os filisteus,99203,""titulo igual no mesmo capitulo",17,1,,review,"título não encontrado na página ARA"
2SA,6,"A arca é levada para Jerusalém,99467,""titulo igual no mesmo capitulo",12,1,,review,"título não encontrado na página ARA"
2SA,7,"Ações de graças de Davi,99843,""titulo igual no mesmo capitulo",18,1,,review,"título não encontrado na página ARA"
2SA,8,"Oficiais de Davi,100185,""titulo igual no mesmo capitulo",15,2,,review,"título não encontrado na página ARA"
2SA,12,"A morte do filho de Bate-Seba,101195,""titulo igual no mesmo capitulo",15,16,,review,"título não encontrado na página ARA"
2SA,12,"Davi conquista Rabá,101350,""titulo igual no mesmo capitulo",26,1,,review,"título não encontrado na página ARA"
2SA,19,"Joabe reprova a Davi,103974,""titulo igual no mesmo capitulo",2,1,,review,"título não encontrado na página ARA"
2SA,19,"Davi volta para Jerusalém,104139,""titulo igual no mesmo capitulo",12,11,,review,"título não encontrado na página ARA"
2SA,19,"Simei encontra-se com Davi,104199,""titulo igual no mesmo capitulo",17,16,,review,"título não encontrado na página ARA"
2SA,19,"Mefibosete encontra-se com Davi,104322,""titulo igual no mesmo capitulo",25,24,,review,"título não encontrado na página ARA"
2SA,19,"Barzilai encontra-se com Davi,104404,""titulo igual no mesmo capitulo",32,31,,review,"título não encontrado na página ARA"
2SA,20,"Oficiais de Davi,104915,""titulo igual no mesmo capitulo",23,2,,review,"título não encontrado na página ARA"
2SA,21,"Gigantes mortos pelos homens de Davi,105151,""titulo igual no mesmo capitulo",15,1,,review,"título não encontrado na página ARA"
2SA,23,"Os valentes de Davi,105771,""titulo igual no mesmo capitulo",8,1,,review,"título não encontrado na página ARA"
2SA,24,"Davi escolhe o castigo,106207,""titulo igual no mesmo capitulo",10,1,,review,"título não encontrado na página ARA"
2SA,24,"Davi erige um altar na eira de Araúna,106362,""titulo igual no mesmo capitulo",18,1,,review,"título não encontrado na página ARA"
1KI,3,"Salomão pede a Deus sabedoria,107773,""titulo igual no mesmo capitulo",3,2,,review,"título não encontrado na página ARA"
1KI,4,"A sabedoria de Salomão,108415,""titulo igual no mesmo capitulo",9,29,,review,"título não encontrado na página ARA"
1KI,5,"Salomão faz aliança com Hirão,108508,""titulo igual no mesmo capitulo",15,2,,review,"título não encontrado na página ARA"
1KI,5,"Os preparativos para edificar o templo,108683,""titulo igual no mesmo capitulo",27,2,,review,"título não encontrado na página ARA"
1KI,6,"Salomão edifica o templo,108755,""titulo igual no mesmo capitulo",1,2,,review,"título não encontrado na página ARA"
1KI,6,"Os dois querubins,109055,""titulo igual no mesmo capitulo",23,2,,review,"título não encontrado na página ARA"
1KI,7,"As duas colunas do templo,109419,""titulo igual no mesmo capitulo",15,2,,review,"título não encontrado na página ARA"
1KI,7,"O mar de fundição,109507,""titulo igual no mesmo capitulo",23,2,,review,"título não encontrado na página ARA"
1KI,7,"Outros utensílios para o templo,109584,""titulo igual no mesmo capitulo",27,2,,review,"título não encontrado na página ARA"
1KI,7,"As dádivas de Davi colocadas no templo,109908,""titulo igual no mesmo capitulo",51,2,,review,"título não encontrado na página ARA"
1KI,8,"Salomão traz para o templo a arca,109940,""titulo igual no mesmo capitulo",1,2,,review,"título não encontrado na página ARA"
1KI,8,"Salomão fala ao povo,110103,""titulo igual no mesmo capitulo",12,2,,review,"título não encontrado na página ARA"
1KI,8,"Salomão ora a Deus,110213,""titulo igual no mesmo capitulo",22,2,,review,"título não encontrado na página ARA"
1KI,8,"A conclusão da solenidade,110797,""titulo igual no mesmo capitulo",62,2,,review,"título não encontrado na página ARA"
1KI,9,"A aliança do Senhor com Salomão,110863,""titulo igual no mesmo capitulo",1,2,,review,"título não encontrado na página ARA"
1KI,9,"As demais atividades de Salomão,111000,""titulo igual no mesmo capitulo",10,2,,review,"título não encontrado na página ARA"
1KI,10,"A rainha de Sabá visita a Salomão,111223,""titulo igual no mesmo capitulo",1,2,,review,"título não encontrado na página ARA"
1KI,10,"As riquezas de Salomão,111388,""titulo igual no mesmo capitulo",14,2,,review,"título não encontrado na página ARA"
1KI,11,"A morte de Salomão,112137,""titulo igual no mesmo capitulo",41,2,,review,"título não encontrado na página ARA"
1KI,12,"Roboão causa separação entre as tribos,112173,""titulo igual no mesmo capitulo",1,2,,review,"título não encontrado na página ARA"
1KI,12,"Dez tribos seguem Jeroboão,112368,""titulo igual no mesmo capitulo",16,2,,review,"título não encontrado na página ARA"
1KI,14,"O reinado de Roboão, de Judá"",113314,""titulo igual no mesmo capitulo",21,2,,review,"título não encontrado na página ARA"
1KI,15,"O reinado de Abias, de Judá"",113449,""titulo igual no mesmo capitulo",1,2,,review,"título não encontrado na página ARA"
1KI,15,"O reinado de Asa, de Judá"",113529,""titulo igual no mesmo capitulo",9,2,,review,"título não encontrado na página ARA"
1KI,22,"Aliança entre Josafá, de Judá, e Acabe"",116435,""titulo igual no mesmo capitulo",1,2,,review,"título não encontrado na página ARA"
1KI,22,"As profecias dos falsos profetas,116477,""titulo igual no mesmo capitulo",5,2,,review,"título não encontrado na página ARA"
1KI,22,"A profecia de Micaías,116575,""titulo igual no mesmo capitulo",13,2,,review,"título não encontrado na página ARA"
1KI,22,"A morte de Acabe,116827,""titulo igual no mesmo capitulo",29,2,,review,"título não encontrado na página ARA"
1KI,22,"O reinado e a morte de Josafá,116986,""titulo igual no mesmo capitulo",41,2,,review,"título não encontrado na página ARA"
1KI,22,"O reinado de Acazias, de Israel"",117094,""titulo igual no mesmo capitulo",53,52,,review,"título não encontrado na página ARA"
2KI,5,"Geazi é atacado de lepra,118942,""titulo igual no mesmo capitulo",19,20,,review,"título não encontrado na página ARA"
2KI,8,"O reinado de Jeorão,120063,""titulo igual no mesmo capitulo",16,2,,review,"título não encontrado na página ARA"
2KI,8,"O reinado de Acazias,120149,""titulo igual no mesmo capitulo",25,2,,review,"título não encontrado na página ARA"
2KI,11,"Atalia usurpa o trono de Judá,121214,""titulo igual no mesmo capitulo",1,2,,review,"título não encontrado na página ARA"
2KI,11,"Joás ungido rei de Judá,121252,""titulo igual no mesmo capitulo",4,2,,review,"título não encontrado na página ARA"
2KI,11,"A morte de Atalia,121397,""titulo igual no mesmo capitulo",13,2,,review,"título não encontrado na página ARA"
2KI,11,"A aliança de Joiada,121441,""titulo igual no mesmo capitulo",17,2,,review,"título não encontrado na página ARA"
2KI,12,"A conspiração contra o rei Joás,121791,""titulo igual no mesmo capitulo",21,2,,review,"título não encontrado na página ARA"
2KI,14,"O reinado de Amazias, de Judá"",122157,""titulo igual no mesmo capitulo",1,2,,review,"título não encontrado na página ARA"
2KI,14,"Amazias vence os edomitas,122260,""titulo igual no mesmo capitulo",7,2,,review,"título não encontrado na página ARA"
2KI,14,"Amazias derrotado por Jeoás,122276,""titulo igual no mesmo capitulo",8,2,,review,"título não encontrado na página ARA"
2KI,14,"A morte de Amazias, rei de Judá"",122417,""titulo igual no mesmo capitulo",17,2,,review,"título não encontrado na página ARA"
2KI,15,"O reinado de Azarias, de Judá"",122598,""titulo igual no mesmo capitulo",1,2,,review,"título não encontrado na página ARA"
2KI,15,"Azarias é atacado de lepra,122642,""titulo igual no mesmo capitulo",5,2,,review,"título não encontrado na página ARA"
2KI,15,"O reinado de Jotão, de Judá"",122970,""titulo igual no mesmo capitulo",32,2,,review,"título não encontrado na página ARA"
2KI,16,"O reinado de Acaz, de Judá"",123073,""titulo igual no mesmo capitulo",1,2,,review,"título não encontrado na página ARA"
2KI,16,"A idolatria de Acaz,123171,""titulo igual no mesmo capitulo",10,2,,review,"título não encontrado na página ARA"
2KI,16,"A morte de Acaz,123324,""titulo igual no mesmo capitulo",19,2,,review,"título não encontrado na página ARA"
2KI,18,"O reinado de Ezequias, de Judá"",123940,""titulo igual no mesmo capitulo",1,2,,review,"título não encontrado na página ARA"
2KI,18,"Senaqueribe invade Judá,124093,""titulo igual no mesmo capitulo",13,2,,review,"título não encontrado na página ARA"
2KI,18,"Rabsaqué afronta a Ezequias e ao SENHOR,124177,""titulo igual no mesmo capitulo",19,2,,review,"título não encontrado na página ARA"
2KI,19,"A destruição do exército dos assírios,124932,""titulo igual no mesmo capitulo",35,2,,review,"título não encontrado na página ARA"
2KI,20,"A doença de Ezequias e a sua cura maravilhosa,124976,""titulo igual no mesmo capitulo",1,2,,review,"título não encontrado na página ARA"
2KI,20,"A morte de Ezequias,125203,""titulo igual no mesmo capitulo",20,2,,review,"título não encontrado na página ARA"
2KI,21,"O reinado de Manassés, de Judá"",125272,""titulo igual no mesmo capitulo",1,2,,review,"título não encontrado na página ARA"
2KI,21,"A morte de Manassés,125463,""titulo igual no mesmo capitulo",17,2,,review,"título não encontrado na página ARA"
2KI,21,"O reinado de Amom, de Judá"",125495,""titulo igual no mesmo capitulo",19,2,,review,"título não encontrado na página ARA"
2KI,22,"O reinado de Josias,125592,""titulo igual no mesmo capitulo",1,2,,review,"título não encontrado na página ARA"
2KI,22,"O rei repara o templo,125622,""titulo igual no mesmo capitulo",3,2,,review,"título não encontrado na página ARA"
2KI,22,"Hilquias acha o Livro da Lei,125676,""titulo igual no mesmo capitulo",8,2,,review,"título não encontrado na página ARA"
2KI,22,"Josias manda consultar a profetisa Hulda,125714,""titulo igual no mesmo capitulo",11,2,,review,"título não encontrado na página ARA"
2KI,23,"A purificação do templo e do culto,125960,""titulo igual no mesmo capitulo",4,2,,review,"título não encontrado na página ARA"
2KI,23,"A celebração da Páscoa,126225,""titulo igual no mesmo capitulo",21,2,,review,"título não encontrado na página ARA"
2KI,23,"A morte de Josias,126350,""titulo igual no mesmo capitulo",28,2,,review,"título não encontrado na página ARA"
2KI,23,"O reinado e deposição de Joacaz,126396,""titulo igual no mesmo capitulo",31,2,,review,"título não encontrado na página ARA"
2KI,23,"O reinado de Jeoaquim,126499,""titulo igual no mesmo capitulo",36,2,,review,"título não encontrado na página ARA"
2KI,24,"O reinado de Joaquim,126640,""titulo igual no mesmo capitulo",8,2,,review,"título não encontrado na página ARA"
2KI,24,"O reinado de Zedequias,126784,""titulo igual no mesmo capitulo",18,2,,review,"título não encontrado na página ARA"
2KI,25,"O cativeiro de Judá,126939,""titulo igual no mesmo capitulo",8,2,,review,"título não encontrado na página ARA"
1CH,3,"Filhos de Davi,128233,""titulo igual no mesmo capitulo",1,2,,review,"título não encontrado na página ARA"
1CH,6,"Descendentes de Levi,129201,""titulo igual no mesmo capitulo",27,1,,review,"título não encontrado na página ARA"
1CH,6,"Cantores levitas,129445,""titulo igual no mesmo capitulo",16,31,,review,"título não encontrado na página ARA"
1CH,6,"Descendentes de Arão,129594,""titulo igual no mesmo capitulo",34,49,,review,"título não encontrado na página ARA"
1CH,6,"As cidades dos levitas,129636,""titulo igual no mesmo capitulo",39,54,,review,"título não encontrado na página ARA"
1CH,10,"A sepultura de Saul,131240,""titulo igual no mesmo capitulo",8,1,,review,"título não encontrado na página ARA"
1CH,11,"Davi é ungido rei,131320,""titulo igual no mesmo capitulo",1,2,,review,"título não encontrado na página ARA"
1CH,11,"Davi conquista a Sião,131354,""titulo igual no mesmo capitulo",4,2,,review,"título não encontrado na página ARA"
1CH,11,"Os valentes de Davi,131451,""titulo igual no mesmo capitulo",10,2,,review,"título não encontrado na página ARA"
1CH,12,"O exército que proclamou a Davi rei em Hebrom,132034,""titulo igual no mesmo capitulo",24,23,,review,"título não encontrado na página ARA"
1CH,13,"Davi procura trazer a arca,132316,""titulo igual no mesmo capitulo",5,2,,review,"título não encontrado na página ARA"
1CH,14,"O reinado de Davi reconhecido por Hirão,132449,""titulo igual no mesmo capitulo",1,2,,review,"título não encontrado na página ARA"
1CH,14,"Os filhos de Davi que nasceram em Jerusalém,132471,""titulo igual no mesmo capitulo",3,2,,review,"título não encontrado na página ARA"
1CH,14,"Davi derrota os filisteus,132503,""titulo igual no mesmo capitulo",8,2,,review,"título não encontrado na página ARA"
1CH,15,"Mical despreza a Davi,132994,""titulo igual no mesmo capitulo",29,2,,review,"título não encontrado na página ARA"
1CH,17,"A aliança do Senhor com Davi,133449,""titulo igual no mesmo capitulo",1,2,,review,"título não encontrado na página ARA"
1CH,17,"Ações de graças de Davi,133624,""titulo igual no mesmo capitulo",16,2,,review,"título não encontrado na página ARA"
1CH,18,"Diversas vitórias de Davi,133789,""titulo igual no mesmo capitulo",1,2,,review,"título não encontrado na página ARA"
1CH,18,"Oficiais de Davi,133950,""titulo igual no mesmo capitulo",14,2,,review,"título não encontrado na página ARA"
1CH,19,"Davi derrota os amonitas e os siros,133986,""titulo igual no mesmo capitulo",1,2,,review,"título não encontrado na página ARA"
1CH,20,"Davi conquista a Rabá,134262,""titulo igual no mesmo capitulo",1,2,,review,"título não encontrado na página ARA"
1CH,20,"Gigantes mortos pelos homens de Davi,134300,""titulo igual no mesmo capitulo",4,2,,review,"título não encontrado na página ARA"
1CH,21,"O levantamento do censo,134350,""titulo igual no mesmo capitulo",1,2,,review,"título não encontrado na página ARA"
1CH,21,"Davi escolhe o castigo,134449,""titulo igual no mesmo capitulo",7,2,,review,"título não encontrado na página ARA"
1CH,21,"Davi erige um altar na eira de Ornã,134616,""titulo igual no mesmo capitulo",18,2,,review,"título não encontrado na página ARA"
1CH,29,"Salomão proclamado rei,137449,""titulo igual no mesmo capitulo",22,23,,review,"título não encontrado na página ARA"
2CH,1,"Salomão pede a Deus sabedoria,137632,""titulo igual no mesmo capitulo",7,1,,review,"título não encontrado na página ARA"
2CH,1,"As riquezas de Salomão,137769,""titulo igual no mesmo capitulo",14,1,,review,"título não encontrado na página ARA"
2CH,2,"Salomão faz aliança com Hirão,137837,""titulo igual no mesmo capitulo",18,1,,review,"título não encontrado na página ARA"
2CH,2,"Os preparativos para edificar o templo,138076,""titulo igual no mesmo capitulo",16,1,,review,"título não encontrado na página ARA"
2CH,3,"Os dois querubins,138237,""titulo igual no mesmo capitulo",10,1,,review,"título não encontrado na página ARA"
2CH,3,"As duas colunas,138328,""titulo igual no mesmo capitulo",15,1,,review,"título não encontrado na página ARA"
2CH,4,"Outros utensílios para o templo,138449,""titulo igual no mesmo capitulo",6,1,,review,"título não encontrado na página ARA"
2CH,5,"Salomão traz para o templo a arca,138660,""titulo igual no mesmo capitulo",2,1,,review,"título não encontrado na página ARA"
2CH,6,"Salomão ora a Deus,139000,""titulo igual no mesmo capitulo",12,1,,review,"título não encontrado na página ARA"
2CH,7,"A conclusão da solenidade,139499,""titulo igual no mesmo capitulo",4,1,,review,"título não encontrado na página ARA"
2CH,7,"A aliança do Senhor com Salomão,139589,""titulo igual no mesmo capitulo",11,1,,review,"título não encontrado na página ARA"
2CH,9,"As riquezas de Salomão,140193,""titulo igual no mesmo capitulo",13,1,,review,"título não encontrado na página ARA"
2CH,9,"A morte de Salomão,140372,""titulo igual no mesmo capitulo",29,1,,review,"título não encontrado na página ARA"
2CH,10,"Dez tribos seguem Jeroboão,140599,""titulo igual no mesmo capitulo",16,1,,review,"título não encontrado na página ARA"
2CH,12,"O reinado de Roboão,141062,""titulo igual no mesmo capitulo",13,1,,review,"título não encontrado na página ARA"
2CH,14,"O reinado de Asa,141420,""titulo igual no mesmo capitulo",23,1,,review,"título não encontrado na página ARA"
2CH,14,"Asa vence a Zerá, o etíope"",141559,""titulo igual no mesmo capitulo",8,9,,review,"título não encontrado na página ARA"
2CH,16,"A morte de Asa,142044,""titulo igual no mesmo capitulo",11,1,,review,"título não encontrado na página ARA"
2CH,18,"As promessas dos falsos profetas,142358,""titulo igual no mesmo capitulo",4,1,,review,"título não encontrado na página ARA"
2CH,18,"A profecia de Micaías,142485,""titulo igual no mesmo capitulo",12,1,,review,"título não encontrado na página ARA"
2CH,18,"A morte de Acabe,142678,""titulo igual no mesmo capitulo",28,1,,review,"título não encontrado na página ARA"
2CH,20,"O reinado e a morte de Josafá,143360,""titulo igual no mesmo capitulo",31,1,,review,"título não encontrado na página ARA"
2CH,21,"O reinado de Jeorão,143444,""titulo igual no mesmo capitulo",1,2,,review,"título não encontrado na página ARA"
2CH,22,"O reinado de Acazias,143730,""titulo igual no mesmo capitulo",1,2,,review,"título não encontrado na página ARA"
2CH,22,"Atalia usurpa o trono,143883,""titulo igual no mesmo capitulo",10,2,,review,"título não encontrado na página ARA"
2CH,23,"Joás ungido rei de Judá,143923,""titulo igual no mesmo capitulo",1,2,,review,"título não encontrado na página ARA"
2CH,23,"A morte de Atalia,144080,""titulo igual no mesmo capitulo",12,2,,review,"título não encontrado na página ARA"
2CH,23,"A aliança de Joiada,144163,""titulo igual no mesmo capitulo",16,2,,review,"título não encontrado na página ARA"
2CH,24,"O reinado de Joás,144247,""titulo igual no mesmo capitulo",1,2,,review,"título não encontrado na página ARA"
2CH,24,"A conspiração contra o rei Joás,144601,""titulo igual no mesmo capitulo",25,2,,review,"título não encontrado na página ARA"
2CH,25,"O reinado de Amazias,144678,""titulo igual no mesmo capitulo",1,2,,review,"título não encontrado na página ARA"
2CH,25,"Amazias vence os edomitas,144728,""titulo igual no mesmo capitulo",5,2,,review,"título não encontrado na página ARA"
2CH,25,"Amazias derrotado por Jeoás,144923,""titulo igual no mesmo capitulo",17,2,,review,"título não encontrado na página ARA"
2CH,25,"A morte de Amazias, de Judá"",145078,""titulo igual no mesmo capitulo",25,2,,review,"título não encontrado na página ARA"
2CH,26,"O reinado de Uzias,145126,""titulo igual no mesmo capitulo",1,2,,review,"título não encontrado na página ARA"
2CH,26,"Uzias é atacado de lepra,145325,""titulo igual no mesmo capitulo",16,2,,review,"título não encontrado na página ARA"
2CH,27,"O reinado de Jotão,145492,""titulo igual no mesmo capitulo",1,2,,review,"título não encontrado na página ARA"
2CH,28,"O reinado de Acaz,145637,""titulo igual no mesmo capitulo",1,2,,review,"título não encontrado na página ARA"
2CH,28,"Acaz pede socorro aos assírios,145872,""titulo igual no mesmo capitulo",16,2,,review,"título não encontrado na página ARA"
2CH,28,"A idolatria de Acaz,145963,""titulo igual no mesmo capitulo",22,2,,review,"título não encontrado na página ARA"
2CH,28,"A morte de Acaz,146019,""titulo igual no mesmo capitulo",26,2,,review,"título não encontrado na página ARA"
2CH,29,"Ezequias manda abrir o templo,146063,""titulo igual no mesmo capitulo",1,2,,review,"título não encontrado na página ARA"
2CH,32,"Senaqueribe afronta a Ezequias e ao Senhor,147461,""titulo igual no mesmo capitulo",9,2,,review,"título não encontrado na página ARA"
2CH,32,"A destruição do exército dos assírios,147634,""titulo igual no mesmo capitulo",21,2,,review,"título não encontrado na página ARA"
2CH,32,"Doença de Ezequias,147707,""titulo igual no mesmo capitulo",24,2,,review,"título não encontrado na página ARA"
2CH,32,"A morte de Ezequias,147805,""titulo igual no mesmo capitulo",32,2,,review,"título não encontrado na página ARA"
2CH,33,"O reinado de Manassés,147872,""titulo igual no mesmo capitulo",1,2,,review,"título não encontrado na página ARA"
2CH,33,"A morte de Manassés,148111,""titulo igual no mesmo capitulo",18,2,,review,"título não encontrado na página ARA"
2CH,33,"O reinado de Amom,148157,""titulo igual no mesmo capitulo",21,2,,review,"título não encontrado na página ARA"
2CH,34,"O reinado de Josias,148242,""titulo igual no mesmo capitulo",1,2,,review,"título não encontrado na página ARA"
2CH,34,"A purificação do templo e do culto,148260,""titulo igual no mesmo capitulo",3,2,,review,"título não encontrado na página ARA"
2CH,34,"O rei repara o templo,148326,""titulo igual no mesmo capitulo",8,2,,review,"título não encontrado na página ARA"
2CH,34,"Hilquias acha o Livro da Lei,148451,""titulo igual no mesmo capitulo",14,2,,review,"título não encontrado na página ARA"
2CH,34,"Josias manda consultar a profetisa Hulda,148513,""titulo igual no mesmo capitulo",19,2,,review,"título não encontrado na página ARA"
2CH,34,"Josias renova a aliança ante o Senhor,148686,""titulo igual no mesmo capitulo",29,2,,review,"título não encontrado na página ARA"
2CH,35,"A celebração da Páscoa,148797,""titulo igual no mesmo capitulo",1,2,,review,"título não encontrado na página ARA"
2CH,35,"A morte de Josias no vale de Megido,149089,""titulo igual no mesmo capitulo",20,2,,review,"título não encontrado na página ARA"
2CH,36,"O reinado e deposição de Joacaz,149191,""titulo igual no mesmo capitulo",1,2,,review,"título não encontrado na página ARA"
2CH,36,"O reinado de Jeoaquim,149280,""titulo igual no mesmo capitulo",5,2,,review,"título não encontrado na página ARA"
2CH,36,"O reinado de Joaquim,149332,""titulo igual no mesmo capitulo",9,2,,review,"título não encontrado na página ARA"
2CH,36,"O reinado de Zedequias,149356,""titulo igual no mesmo capitulo",11,2,,review,"título não encontrado na página ARA"
2CH,36,"O cativeiro de Judá,149453,""titulo igual no mesmo capitulo",17,2,,review,"título não encontrado na página ARA"
NEH,4,"A defesa contra os adversários,154022,""titulo igual no mesmo capitulo",33,1,,review,"título não encontrado na página ARA"
NEH,7,"Contribuições para o templo,155529,""titulo igual no mesmo capitulo",69,70,,review,"título não encontrado na página ARA"
NEH,9,"A aliança do povo sobre guardar a Lei,156420,""titulo igual no mesmo capitulo",1,38,,review,"título não encontrado na página ARA"
PSA,4,"Confiança em Deus, na angústia"",170626,""titulo igual no mesmo capitulo",2,1,,review,"título não encontrado na página ARA"
PSA,5,"Proteção contra os ímpios,170733,""titulo igual no mesmo capitulo",2,1,,review,"título não encontrado na página ARA"
PSA,10,"A derrubada dos ímpios,171451,""titulo igual no mesmo capitulo",1,2,,review,"título não encontrado na página ARA"
PSA,12,"Auxílio contra a falsidade,171711,""titulo igual no mesmo capitulo",2,1,,review,"título não encontrado na página ARA"
PSA,13,"Oração de fé,171783,""titulo igual no mesmo capitulo",2,1,,review,"título não encontrado na página ARA"
PSA,15,"O cidadão dos céus,171944,""titulo igual no mesmo capitulo",1,2,,review,"título não encontrado na página ARA"
PSA,18,"Vitória e domínio,172276,""titulo igual no mesmo capitulo",2,1,,review,"título não encontrado na página ARA"
PSA,19,"A excelência da criação e da palavra de Deus,172729,""titulo igual no mesmo capitulo",2,1,,review,"título não encontrado na página ARA"
PSA,20,"Oração a favor do rei,172872,""titulo igual no mesmo capitulo",2,1,,review,"título não encontrado na página ARA"
PSA,21,"Ações de graças pela vitória,172983,""titulo igual no mesmo capitulo",2,1,,review,"título não encontrado na página ARA"
PSA,22,"Sofrimento e vitória do Messias,173106,""titulo igual no mesmo capitulo",2,1,,review,"título não encontrado na página ARA"
PSA,30,"Ações de graças pela libertação da morte,174203,""titulo igual no mesmo capitulo",2,1,,review,"título não encontrado na página ARA"
PSA,31,"Lamentos e louvor,174305,""titulo igual no mesmo capitulo",2,1,,review,"título não encontrado na página ARA"
PSA,34,"Provai que o Senhor é bom!,174879,""titulo igual no mesmo capitulo",2,1,,review,"título não encontrado na página ARA"
PSA,36,"Malícia humana e benignidade divina,175354,""titulo igual no mesmo capitulo",2,1,,review,"título não encontrado na página ARA"
PSA,39,"A vaidade da vida,176032,""titulo igual no mesmo capitulo",2,1,,review,"título não encontrado na página ARA"
PSA,40,"Oração para livramento,176199,""titulo igual no mesmo capitulo",2,1,,review,"título não encontrado na página ARA"
PSA,41,"A calúnia dos inimigos e o socorro de Deus,176394,""titulo igual no mesmo capitulo",2,1,,review,"título não encontrado na página ARA"
PSA,42,"A alma anela por Deus,176537,""titulo igual no mesmo capitulo",2,1,,review,"título não encontrado na página ARA"
PSA,44,"Apelo por auxílio divino,176767,""titulo igual no mesmo capitulo",2,1,,review,"título não encontrado na página ARA"
PSA,45,"O Ungido de Deus e a sua noiva,177004,""titulo igual no mesmo capitulo",2,1,,review,"título não encontrado na página ARA"
PSA,46,"Deus é o nosso refúgio e fortaleza,177179,""titulo igual no mesmo capitulo",2,1,,review,"título não encontrado na página ARA"
PSA,47,"Deus, o Rei da terra"",177296,""titulo igual no mesmo capitulo",2,1,,review,"título não encontrado na página ARA"
PSA,48,"A cidade de Deus,177364,""titulo igual no mesmo capitulo",2,1,,review,"título não encontrado na página ARA"
PSA,49,"A vaidade do homem,177505,""titulo igual no mesmo capitulo",2,1,,review,"título não encontrado na página ARA"
PSA,51,"Confissão e arrependimento,177912,""titulo igual no mesmo capitulo",3,2,,review,"título não encontrado na página ARA"
PSA,52,"Condenação do ímpio,178095,""titulo igual no mesmo capitulo",3,1,,review,"título não encontrado na página ARA"
PSA,53,"A corrupção do pecador e sua redenção,178214,""titulo igual no mesmo capitulo",2,1,,review,"título não encontrado na página ARA"
PSA,54,"Apelo para o socorro divino,178292,""titulo igual no mesmo capitulo",3,1,,review,"título não encontrado na página ARA"
PSA,55,"Que os traidores sejam destruídos,178393,""titulo igual no mesmo capitulo",2,1,,review,"título não encontrado na página ARA"
PSA,56,"Conforto na perseguição,178614,""titulo igual no mesmo capitulo",2,1,,review,"título não encontrado na página ARA"
PSA,57,"Louvor pela benignidade divina,178751,""titulo igual no mesmo capitulo",2,1,,review,"título não encontrado na página ARA"
PSA,58,"A sorte dos ímpios,178884,""titulo igual no mesmo capitulo",2,1,,review,"título não encontrado na página ARA"
PSA,59,"Súplica em prol de libertação,178976,""titulo igual no mesmo capitulo",2,1,,review,"título não encontrado na página ARA"
PSA,60,"Oração em tempos de guerra,179194,""titulo igual no mesmo capitulo",3,2,,review,"título não encontrado na página ARA"
PSA,61,"Oração pelo rei,179294,""titulo igual no mesmo capitulo",2,1,,review,"título não encontrado na página ARA"
PSA,62,"Exortação à confiança,179397,""titulo igual no mesmo capitulo",2,1,,review,"título não encontrado na página ARA"
PSA,64,"Proteção contra os inimigos,179661,""titulo igual no mesmo capitulo",2,1,,review,"título não encontrado na página ARA"
PSA,65,"Ações de graças pelas bênçãos das searas,179743,""titulo igual no mesmo capitulo",2,1,,review,"título não encontrado na página ARA"
PSA,67,"As nações rendem graças,180053,""titulo igual no mesmo capitulo",2,1,,review,"título não encontrado na página ARA"
PSA,68,"A vitória de Deus sobre os seus inimigos,180144,""titulo igual no mesmo capitulo",2,1,,review,"título não encontrado na página ARA"
PSA,69,"O lamento do Messias,180486,""titulo igual no mesmo capitulo",2,1,,review,"título não encontrado na página ARA"
PSA,70,"Petição por auxílio divino,180816,""titulo igual no mesmo capitulo",2,1,,review,"título não encontrado na página ARA"
PSA,75,"Deus é juiz,181800,""titulo igual no mesmo capitulo",2,1,,review,"título não encontrado na página ARA"
PSA,76,"A majestade e o poder de Deus,181909,""titulo igual no mesmo capitulo",2,1,,review,"título não encontrado na página ARA"
PSA,77,"As grandes obras e a misericórdia de Deus,182001,""titulo igual no mesmo capitulo",2,1,,review,"título não encontrado na página ARA"
PSA,80,"Pedindo restaurações,182927,""titulo igual no mesmo capitulo",2,1,,review,"título não encontrado na página ARA"
PSA,81,"Exortação a louvor e obediência,183104,""titulo igual no mesmo capitulo",2,1,,review,"título não encontrado na página ARA"
PSA,84,"Saudades do templo,183511,""titulo igual no mesmo capitulo",2,1,,review,"título não encontrado na página ARA"
PSA,85,"Pede-se o perdão de Deus,183642,""titulo igual no mesmo capitulo",2,1,,review,"título não encontrado na página ARA"
PSA,88,"Lamentação de um atribulado,183986,""titulo igual no mesmo capitulo",2,1,,review,"título não encontrado na página ARA"
PSA,89,"Promessa do reino messiânico a Davi,184157,""titulo igual no mesmo capitulo",2,1,,review,"título não encontrado na página ARA"
PSA,92,"Hino de gratidão a Deus,184936,""titulo igual no mesmo capitulo",2,1,,review,"título não encontrado na página ARA"
PSA,102,"Arrependimento e esperança,186011,""titulo igual no mesmo capitulo",2,1,,review,"título não encontrado na página ARA"
PSA,108,"Deus concede vitória ao seu povo,187879,""titulo igual no mesmo capitulo",2,1,,review,"título não encontrado na página ARA"
PSA,131,"Calma em Deus,191558,""titulo igual no mesmo capitulo",1,2,,review,"título não encontrado na página ARA"
PSA,132,"Uma promessa antiga,191594,""titulo igual no mesmo capitulo",1,2,,review,"título não encontrado na página ARA"
PSA,139,"Deus onisciente e onipotente,192391,""titulo igual no mesmo capitulo",1,2,,review,"título não encontrado na página ARA"
PSA,140,"Contra inimigos e perfídias,192633,""titulo igual no mesmo capitulo",2,1,,review,"título não encontrado na página ARA"
PSA,142,"Oração no meio de grande perigo,192864,""titulo igual no mesmo capitulo",2,1,,review,"título não encontrado na página ARA"
PRO,31,"O louvor da mulher virtuosa,201605,""titulo igual no mesmo capitulo",10,11,,review,"título não encontrado na página ARA"
ECC,5,"A loucura de votos precipitados,202782,""titulo igual no mesmo capitulo",17,1,,review,"título não encontrado na página ARA"
ECC,5,"A vaidade das riquezas,202901,""titulo igual no mesmo capitulo",7,8,,review,"título não encontrado na página ARA"
ISA,9,"O nascimento e o reino do Príncipe da Paz,208244,""titulo igual no mesmo capitulo",23,1,,review,"título não encontrado na página ARA"
ISA,9,"Profecia contra o reino de Israel,208367,""titulo igual no mesmo capitulo",7,8,,review,"título não encontrado na página ARA"
ISA,24,"A ruína dos transgressores,211765,""titulo igual no mesmo capitulo",16,17,,review,"título não encontrado na página ARA"
ISA,36,"Senaqueribe invade Judá,214586,""titulo igual no mesmo capitulo",1,2,,review,"título não encontrado na página ARA"
ISA,36,"Rabsaqué afronta a Ezequias e ao Senhor,214659,""titulo igual no mesmo capitulo",4,2,,review,"título não encontrado na página ARA"
ISA,37,"Ezequias consulta a Isaías,214892,""titulo igual no mesmo capitulo",1,2,,review,"título não encontrado na página ARA"
ISA,37,"A carta do rei da Assíria,215013,""titulo igual no mesmo capitulo",8,2,,review,"título não encontrado na página ARA"
ISA,37,"A oração de Ezequias,215073,""titulo igual no mesmo capitulo",14,2,,review,"título não encontrado na página ARA"
ISA,37,"O profeta conforta a Ezequias,215160,""titulo igual no mesmo capitulo",21,2,,review,"título não encontrado na página ARA"
ISA,37,"A destruição do exército dos assírios,215345,""titulo igual no mesmo capitulo",36,2,,review,"título não encontrado na página ARA"
ISA,38,"A doença de Ezequias e a sua cura maravilhosa,215383,""titulo igual no mesmo capitulo",1,2,,review,"título não encontrado na página ARA"
ISA,39,"A embaixada da Babilônia,215651,""titulo igual no mesmo capitulo",1,2,,review,"título não encontrado na página ARA"
JER,9,"Ameaças de ruína e exílio,225903,""titulo igual no mesmo capitulo",6,7,,review,"título não encontrado na página ARA"
JER,9,"Conhecer a Deus constitui a glória do homem,226090,""titulo igual no mesmo capitulo",22,23,,review,"título não encontrado na página ARA"
JER,39,"Nabucodonosor toma Jerusalém,235769,""titulo igual no mesmo capitulo",1,2,,review,"título não encontrado na página ARA"
JER,52,"A queda de Jerusalém e o cativeiro de Judá,240658,""titulo igual no mesmo capitulo",1,2,,review,"título não encontrado na página ARA"
JER,52,"Libertado e honrado o rei Joaquim,241042,""titulo igual no mesmo capitulo",31,2,,review,"título não encontrado na página ARA"
LAM,1,"Jerusalém destruída e desolada,241170,""titulo igual no mesmo capitulo",1,2,,review,"título não encontrado na página ARA"
EZK,20,"A profecia contra o Sul,249170,""titulo igual no mesmo capitulo",1,45,,review,"título não encontrado na página ARA"
EZK,21,"A espada do Senhor,249218,""titulo igual no mesmo capitulo",6,1,,review,"título não encontrado na página ARA"
DAN,4,"A loucura de Nabucodonosor,261444,""titulo igual no mesmo capitulo",31,1,,review,"título não encontrado na página ARA"
DAN,6,"Daniel na cova dos leões,262436,""titulo igual no mesmo capitulo",2,1,,review,"título não encontrado na página ARA"
JOL,2,"Promessa do derramamento do Espírito,268106,""titulo igual no mesmo capitulo",1,28,,review,"título não encontrado na página ARA"
JON,2,"A oração de Jonas no ventre do peixe,270944,""titulo igual no mesmo capitulo",2,1,,review,"título não encontrado na página ARA"
NAM,2,"O cerco e a tomada de Nínive,272945,""titulo igual no mesmo capitulo",2,1,,review,"título não encontrado na página ARA"
HAB,1,"A intercessão do profeta,273472,""titulo igual no mesmo capitulo",12,13,,review,"título não encontrado na página ARA"
ZEC,2,"A terceira visão: Jerusalém é medida,275657,""titulo igual no mesmo capitulo",5,1,,review,"título não encontrado na página ARA"
ZEC,2,"Israel exortado a voltar para Sião,275730,""titulo igual no mesmo capitulo",10,6,,review,"título não encontrado na página ARA"
MAL,4,"O sol da justiça e seu precursor,279021,""titulo igual no mesmo capitulo",19,1,,review,"título não encontrado na página ARA"
MAT,1,"O nascimento de Jesus Cristo,279305,""titulo igual no mesmo capitulo",18,19,,review,"título não encontrado na página ARA"
MAT,5,"As bem-aventuranças,280138,""titulo igual no mesmo capitulo",3,1,,review,"título não encontrado na página ARA"
MRK,5,"Os gerasenos rejeitam a Jesus,293189,""titulo igual no mesmo capitulo",14,15,,review,"título não encontrado na página ARA"
MRK,5,"A cura de uma mulher enferma,293297,""titulo igual no mesmo capitulo",24,25,,review,"título não encontrado na página ARA"
MRK,16,"Jesus aparece a Maria Madalena,298971,""titulo igual no mesmo capitulo",9,10,,review,"título não encontrado na página ARA"
LUK,8,"A cura de uma mulher enferma,303617,""titulo igual no mesmo capitulo",42,43,,review,"título não encontrado na página ARA"
LUK,9,"De novo prediz Jesus a sua morte,304335,""titulo igual no mesmo capitulo",43,44,,review,"título não encontrado na página ARA"
ACT,8,"A primeira perseguição à igreja,324699,""titulo igual no mesmo capitulo",1,2,,review,"título não encontrado na página ARA"
GAL,6,"Paulo gloria-se na cruz de Cristo,348639,""titulo igual no mesmo capitulo",11,12,,review,"título não encontrado na página ARA"
REV,16,"O terceiro flagelo,370505,""titulo igual no mesmo capitulo",4,3,,review,"título não encontrado na página ARA"